{
    "epoch": 50.0,
    "eval_accuracy": 0.9782608695652174,
    "eval_loss": 0.14544689655303955,
    "eval_runtime": 31.3401,
    "eval_samples": 138,
    "eval_samples_per_second": 4.403,
    "eval_steps_per_second": 0.574,
    "train_loss": 0.017509642044703167,
    "train_runtime": 15805.8885,
    "train_samples": 552,
    "train_samples_per_second": 1.746,
    "train_steps_per_second": 0.057
}